Make,Model,Body,Count
Ford,F150,Truck,1926
Toyota,Camry,Sedan,1493
Jeep,Grand Cherokee,SUV,1285
Jeep,Wrangler,Convertible,1244
Honda,Accord,Sedan,1199
Honda,CR-V,SUV,1142
Chevrolet,Silverado 1500,Truck,1107
Honda,Civic,Sedan,1055
Toyota,Corolla,Sedan,1004
Toyota,Highlander,SUV,821
Toyota,RAV4,SUV,806
Ford,Explorer,SUV,793
Toyota,Tacoma,Truck,771
RAM,1500,Truck,756
Nissan,Altima,Sedan,742
Ford,F250,Truck,729
BMW,X5,SUV,688
Ford,Escape,SUV,686
Chevrolet,Tahoe,SUV,664
Nissan,Sentra,Sedan,639
Honda,Odyssey,Van,638
Mercedes-Benz,C 300,Sedan,596
Ford,Mustang,Coupe,589
Ford,Fusion,Sedan,583
Volkswagen,Jetta,Sedan,582
Toyota,Sienna,Van,575
Toyota,Tundra,Truck,570
Honda,Pilot,SUV,547
BMW,X3,SUV,546
Nissan,Rogue,SUV,536
Toyota,Prius,Hatchback,515
Volkswagen,Tiguan,SUV,509
Toyota,4Runner,SUV,504
Dodge,Challenger,Coupe,484
Chevrolet,Malibu,Sedan,479
Porsche,911,Coupe,477
Lexus,RX 350,SUV,477
Dodge,Charger,Sedan,475
Acura,MDX,SUV,462
Volkswagen,Passat,Sedan,460
Chevrolet,Impala,Sedan,444
Ford,F350,Truck,439
Chevrolet,Corvette,Coupe,430
GMC,Sierra 1500,Truck,408
Dodge,Journey,SUV,407
Audi,Q5,SUV,405
Hyundai,Sonata,Sedan,401
Dodge,Durango,SUV,396
Audi,A4,Sedan,395
Chevrolet,Camaro,Coupe,394
Chevrolet,Equinox,SUV,392
Dodge,Grand Caravan,Van,391
Chrysler,300,Sedan,384
Dodge,Ram 1500 Truck,Truck,376
Nissan,Murano,SUV,375
Mercedes-Benz,E 350,Sedan,372
Ford,Ranger,Truck,365
Chevrolet,Suburban,SUV,361
Honda,Fit,Hatchback,354
Hyundai,Elantra,Sedan,353
Chevrolet,Silverado 2500,Truck,352
Ford,Edge,SUV,341
Jeep,Wrangler,SUV,338
MINI,Cooper,Hatchback,331
Hyundai,Santa Fe,SUV,330
Ford,Expedition,SUV,325
GMC,Acadia,SUV,325
Jeep,Cherokee,SUV,316
Porsche,911,Convertible,310
BMW,328i,Sedan,306
Mercedes-Benz,Sprinter,Van,296
Lexus,ES 350,Sedan,293
Nissan,Frontier,Truck,291
Kia,Optima,Sedan,290
Jeep,Compass,SUV,290
Jeep,Liberty,SUV,288
Mercedes-Benz,GLC 300,SUV,287
GMC,Yukon,SUV,284
Ford,Mustang,Convertible,279
Mercedes-Benz,S 550,Sedan,277
Land Rover,Range Rover Sport,SUV,275
Cadillac,CTS,Sedan,270
Honda,HR-V,SUV,268
Acura,RDX,SUV,265
Cadillac,Escalade,SUV,263
Nissan,Maxima,Sedan,262
Nissan,Pathfinder,SUV,261
Honda,Civic,Coupe,261
Acura,TL,Sedan,260
Subaru,Forester,SUV,259
Chevrolet,Cruze,Sedan,258
Land Rover,Range Rover,SUV,253
Audi,Q7,SUV,250
Mercedes-Benz,ML 350,SUV,248
Ford,Focus,Sedan,242
Porsche,Cayenne,SUV,239
Audi,A6,Sedan,234
Mercedes-Benz,GLA 250,SUV,232
Kia,Sorento,SUV,231
Mercedes-Benz,GLE 350,SUV,228
Mercedes-Benz,CLA 250,Sedan,224
Volkswagen,Atlas,SUV,221
Volkswagen,GTI,Hatchback,220
Chevrolet,Traverse,SUV,220
Ford,Taurus,Sedan,220
RAM,2500,Truck,218
BMW,X1,SUV,218
Tesla,Model S,Hatchback,213
BMW,330i,Sedan,213
INFINITI,Q50,Sedan,211
Dodge,Ram 2500 Truck,Truck,203
GMC,Yukon XL,SUV,201
MAZDA,MAZDA3,Sedan,197
Lexus,IS 250,Sedan,194
Toyota,Sequoia,SUV,192
Subaru,Outback,Wagon,189
Toyota,Avalon,Sedan,189
Mercedes-Benz,GLS 450,SUV,186
Mercedes-Benz,GL 450,SUV,186
Kia,Niro,SUV,184
Chrysler,Town & Country,Van,184
Nissan,Titan,Truck,184
Kia,Soul,Hatchback,180
Chevrolet,Corvette,Convertible,178
Nissan,Versa,Sedan,178
Porsche,Panamera,Hatchback,178
Hyundai,Tucson,SUV,178
RAM,3500,Truck,174
GMC,Terrain,SUV,173
Jeep,Renegade,SUV,172
MAZDA,CX-5,SUV,171
Porsche,Boxster,Convertible,171
Chevrolet,Colorado,Truck,168
Ford,E-350 and Econoline 350,Van,166
Chevrolet,Express 3500,Van,164
Honda,Accord,Coupe,163
Buick,Enclave,SUV,162
Ford,Crown Victoria,Sedan,160
Cadillac,SRX,SUV,156
Mercedes-Benz,E 300,Sedan,151
Volvo,XC90,SUV,150
INFINITI,QX60,SUV,150
HUMMER,H2,SUV,148
Ford,EcoSport,SUV,147
Lexus,GS 350,Sedan,147
Volkswagen,Golf,Hatchback,146
Ford,Edge,Sedan,146
Nissan,Armada,SUV,144
Mitsubishi,Outlander,SUV,143
GMC,Sierra 2500,Truck,142
Acura,TSX,Sedan,138
Ford,Focus,Hatchback,135
Jeep,Patriot,SUV,135
Chevrolet,Avalanche,Truck,134
Honda,Civic,Hatchback,134
Ford,Transit 350,Van,132
Chevrolet,TrailBlazer,SUV,132
Buick,LaCrosse,Sedan,132
Porsche,Macan,SUV,131
MAZDA,MAZDA3,Hatchback,131
Nissan,Rogue Sport,SUV,130
Mercedes-Benz,Metris,Van,130
Chrysler,Pacifica,Van,129
Mercedes-Benz,SL 500,Convertible,129
Mercedes-Benz,GLK 350,SUV,129
Chevrolet,Silverado 3500,Truck,128
Kia,Sportage,SUV,125
RAM,ProMaster,Van,125
Lexus,LS 460,Sedan,125
Nissan,Xterra,SUV,124
Chrysler,200,Sedan,124
Ford,Transit 250,Van,123
Chevrolet,Express 2500,Van,123
BMW,328i xDrive,Sedan,123
BMW,535i,Sedan,122
Cadillac,XT5,SUV,122
Ford,Transit Connect,Van,121
Buick,Encore,SUV,121
BMW,528i,Sedan,120
Volvo,S60,Sedan,120
Tesla,Model X,SUV,120
INFINITI,G35,Sedan,119
Cadillac,Escalade ESV,SUV,118
INFINITI,G37,Sedan,117
MAZDA,MAZDA6,Sedan,117
Audi,A8,Sedan,116
Dodge,Dakota,Truck,116
MAZDA,MX-5 Miata,Convertible,115
Acura,TLX,Sedan,115
Volvo,XC60,SUV,114
Volkswagen,Beetle,Hatchback,114
Lexus,RX 330,SUV,110
Ford,E-150 and Econoline 150,Van,110
Land Rover,Range Rover Evoque,SUV,109
Chevrolet,Trax,SUV,108
Toyota,FJ Cruiser,SUV,108
Kia,Forte,Sedan,108
Volkswagen,Golf,Wagon,108
Ford,F450,Truck,107
Mercedes-Benz,SL 550,Convertible,107
Audi,A3,Sedan,105
Honda,Ridgeline,Truck,105
Mitsubishi,Outlander Sport,SUV,105
Nissan,Leaf,Hatchback,104
Subaru,Legacy,Sedan,104
BMW,Z4,Convertible,104
MAZDA,CX-9,SUV,103
Ford,E-250 and Econoline 250,Van,101
Lexus,GX 470,SUV,100
BMW,i3,Hatchback,100
Audi,Q3,SUV,100
Lincoln,MKZ,Sedan,99
Lexus,GX 460,SUV,99
Ford,Flex,SUV,98
Lexus,SC 430,Convertible,98
Acura,ILX,Sedan,97
Chevrolet,Camaro,Convertible,97
Audi,A3,Hatchback,97
Subaru,Crosstrek,SUV,96
FIAT,500,Hatchback,93
Volkswagen,Jetta,Wagon,93
INFINITI,FX35,SUV,93
Audi,A5,Coupe,92
INFINITI,QX80,SUV,92
Toyota,Venza,SUV,92
Ford,Thunderbird,Convertible,91
Toyota,Corolla,Hatchback,91
Mercedes-Benz,A 220,Sedan,90
Volkswagen,Touareg,SUV,89
BMW,M5,Sedan,89
INFINITI,QX56,SUV,89
Nissan,370Z,Coupe,86
INFINITI,QX50,SUV,86
Lexus,NX 200t,SUV,86
Volkswagen,Beetle,Convertible,85
BMW,535i xDrive,Sedan,84
Lincoln,Town Car,Sedan,84
Lincoln,Navigator,SUV,83
Toyota,C-HR,SUV,83
Audi,A7,Hatchback,82
Cadillac,XTS,Sedan,82
BMW,M3,Coupe,81
Subaru,Outback,SUV,80
Ford,Fiesta,Hatchback,80
BMW,530i,Sedan,79
MINI,Cooper Clubman,Wagon,78
Hyundai,Accent,Sedan,78
Chevrolet,Express 1500,Van,78
Lexus,ES 330,Sedan,78
Mercedes-Benz,CLS 550,Sedan,77
Mercedes-Benz,S 450,Sedan,77
Honda,Element,SUV,77
Ford,Fiesta,Sedan,76
Saturn,Vue,SUV,76
Land Rover,Discovery Sport,SUV,76
Dodge,Dart,Sedan,75
Ford,Excursion,SUV,75
Bentley,Continental,Coupe,75
Chevrolet,Blazer,SUV,75
INFINITI,G37,Coupe,74
Mercury,Grand Marquis,Sedan,74
Jaguar,XF,Sedan,73
Nissan,Quest,Van,73
Chevrolet,Volt,Hatchback,73
Hyundai,Genesis,Sedan,73
Subaru,Impreza WRX,Sedan,72
Subaru,WRX,Sedan,72
BMW,X6,SUV,72
Volkswagen,e-Golf,Hatchback,72
Volkswagen,CC,Sedan,71
Scion,tC,Coupe,71
Dodge,Ram 3500 Truck,Truck,70
Chevrolet,HHR,Wagon,70
Toyota,Yaris,Sedan,70
smart,fortwo,Coupe,69
BMW,328i,Convertible,69
Kia,Sedona,Van,69
Mercedes-Benz,S 560,Sedan,68
Cadillac,De Ville,Sedan,68
Nissan,Kicks,SUV,68
Jaguar,F-PACE,SUV,68
Chrysler,PT Cruiser,Wagon,68
Volkswagen,Golf R,Hatchback,66
Toyota,Prius Prime,Hatchback,66
Jeep,Commander,SUV,66
GMC,Canyon,Truck,65
BMW,X7,SUV,65
Cadillac,DTS,Sedan,65
Honda,Passport,SUV,64
Hyundai,Veloster,Hatchback,64
Maserati,Ghibli,Sedan,64
BMW,325i,Sedan,63
Lexus,CT 200h,Hatchback,63
BMW,M3,Convertible,63
Mercedes-Benz,E 320,Sedan,63
Audi,Q8,SUV,63
BMW,750Li,Sedan,63
Honda,S2000,Convertible,62
BMW,330i xDrive,Sedan,61
BMW,X2,SUV,61
Nissan,Juke,SUV,61
Porsche,Cayman,Coupe,61
Audi,S4,Sedan,61
Bentley,Continental,Convertible,60
Audi,S5,Coupe,60
BMW,328i,Coupe,60
Freightliner,Sprinter,Van,60
Nissan,NV,Van,60
Lexus,IS 350,Sedan,60
Kia,Rio,Sedan,59
MINI,Cooper Countryman,Wagon,59
Cadillac,ATS,Sedan,59
Mercedes-Benz,C 250,Sedan,59
Toyota,Land Cruiser,SUV,58
Lexus,RX 450h,SUV,58
BMW,528i xDrive,Sedan,58
Jaguar,XJ,Sedan,58
Chevrolet,Cobalt,Sedan,57
MINI,Cooper,Convertible,57
Lexus,ES 300,Sedan,57
BMW,335i,Convertible,57
Lexus,LS 430,Sedan,57
Chevrolet,Monte Carlo,Coupe,57
Maserati,Quattroporte,Sedan,57
HUMMER,H3,SUV,57
Ford,Expedition EL,SUV,56
BMW,320i,Sedan,56
Pontiac,G6,Sedan,55
Chevrolet,Spark,Hatchback,55
BMW,335i,Sedan,54
Hyundai,Kona,SUV,54
Lexus,IS 200t,Sedan,53
Scion,xB,Wagon,53
BMW,X4,SUV,53
Chevrolet,Sonic,Sedan,53
Ford,Explorer Sport Trac,Truck,53
Subaru,Impreza,Wagon,52
BMW,M340i,Sedan,52
Lexus,RC 350,Coupe,52
Buick,Le Sabre,Sedan,51
Maserati,GranTurismo,Coupe,51
Land Rover,Range Rover Velar,SUV,51
MAZDA,MAZDA5,Van,51
Buick,Regal,Sedan,51
Volvo,S40,Sedan,51
Mercedes-Benz,GLE 43 AMG,SUV,51
Subaru,Impreza,Sedan,49
Mercedes-Benz,E 350,Coupe,49
Cadillac,XT6,SUV,49
Mitsubishi,Lancer Evolution,Sedan,49
Audi,SQ5,SUV,49
Chrysler,Sebring,Convertible,48
BMW,650i,Convertible,48
Cadillac,CTS,Coupe,48
Volvo,S80,Sedan,48
Nissan,Altima,Coupe,48
Ford,Transit 150,Van,48
Nissan,Versa Note,Hatchback,48
Buick,Lucerne,Sedan,48
Mercedes-Benz,GLC 43 AMG,SUV,48
Mercedes-Benz,GL 550,SUV,47
Audi,A4,Wagon,47
Lexus,GS 300,Sedan,47
Land Rover,Discovery,SUV,47
Volkswagen,Eos,Convertible,46
Lexus,RX 300,SUV,46
Lincoln,MKX,SUV,46
Lincoln,MKC,SUV,46
Jaguar,XE,Sedan,46
Ferrari,F430,Convertible,46
Pontiac,Firebird,Coupe,46
INFINITI,M35,Sedan,45
Pontiac,Grand Prix,Sedan,45
Nissan,Versa,Hatchback,45
Mercedes-Benz,C 300,Coupe,45
Toyota,Yaris,Hatchback,45
Land Rover,LR4,SUV,45
Ferrari,California,Convertible,45
Cadillac,STS,Sedan,44
Toyota,Solara,Convertible,44
Audi,A5,Convertible,44
GMC,Envoy,SUV,44
Lexus,IS 300,Sedan,44
Hyundai,Genesis Coupe,Coupe,44
BMW,740i,Sedan,44
BMW,750i,Sedan,44
Volvo,S90,Sedan,44
Chevrolet,Avalanche,SUV,43
BMW,M3,Sedan,43
Audi,A3,Wagon,43
Lexus,ES 300h,Sedan,43
BMW,550i,Sedan,43
Mercedes-Benz,CLS 450,Sedan,42
Ford,Expedition Max,SUV,42
Dodge,Avenger,Sedan,42
INFINITI,Q60,Coupe,42
Mercedes-Benz,C 63 AMG,Sedan,42
Toyota,Prius C,Hatchback,42
Mercedes-Benz,E 63 AMG,Sedan,42
Subaru,Impreza WRX,Wagon,42
Lincoln,MKX,Sedan,41
Subaru,Impreza,Hatchback,41
INFINITI,G35,Coupe,41
INFINITI,EX35,SUV,40
Tesla,Model S,Sedan,40
BMW,750i xDrive,Sedan,40
Chevrolet,SSR,Truck,40
BMW,M4,Coupe,40
GMC,Savana 2500,Van,40
MAZDA,CX-7,SUV,39
Saturn,Sky,Convertible,39
MINI,Cooper Countryman,SUV,39
RAM,5500,Truck,39
Audi,TT,Coupe,39
Lexus,LX 570,SUV,38
Alfa Romeo,Stelvio,SUV,38
Chevrolet,TrailBlazer EXT,SUV,38
Mercedes-Benz,GLB 250,SUV,38
Hyundai,Elantra,Hatchback,38
Chevrolet,Cobalt,Coupe,38
Toyota,Solara,Coupe,38
Chrysler,PT Cruiser,Hatchback,38
Chevrolet,S10 Pickup,Truck,37
BMW,335i,Coupe,37
Toyota,Supra,Hatchback,37
Toyota,Matrix,Hatchback,37
Scion,FR-S,Coupe,37
Dodge,Caliber,Hatchback,37
BMW,540i,Sedan,37
BMW,430i Gran Coupe,Hatchback,36
Nissan,NV200,Van,36
Mercedes-Benz,C 230,Sedan,36
Alfa Romeo,Giulia,Sedan,36
Mercedes-Benz,S 430,Sedan,36
Mitsubishi,Lancer,Sedan,35
Mercedes-Benz,S 63 AMG,Sedan,35
Audi,e-tron,SUV,35
Mercury,Mountaineer,SUV,34
Dodge,Nitro,SUV,34
Ford,C-MAX,Hatchback,34
BMW,525i,Sedan,34
Maserati,GranTurismo,Convertible,34
Ford,Flex,Sedan,34
HUMMER,H2,Truck,34
INFINITI,QX30,SUV,34
Buick,Century,Sedan,34
GMC,Sierra 3500,Truck,34
Lexus,LX 470,SUV,34
Audi,A4,Convertible,33
Mercedes-Benz,E 450,Coupe,33
Jaguar,XK8,Convertible,33
Mercury,Mariner,SUV,33
Audi,A5,Hatchback,33
Volvo,XC70,Wagon,33
Chevrolet,Caprice,Sedan,32
Genesis,G80,Sedan,32
Saturn,ION,Sedan,32
BMW,128i,Convertible,32
Kia,Spectra,Sedan,32
Mercedes-Benz,E 350,Convertible,32
Volvo,C70,Convertible,31
Jeep,Gladiator,Truck,31
Mercedes-Benz,CL 550,Coupe,31
Hyundai,Accent,Hatchback,31
Lincoln,MKS,Sedan,31
Mercury,Milan,Sedan,31
Bentley,Continental,Sedan,31
BMW,650i,Coupe,31
Mercedes-Benz,S 500,Sedan,31
Land Rover,LR2,SUV,30
Cadillac,CT6,Sedan,30
Mitsubishi,Eclipse Cross,SUV,30
BMW,320i xDrive,Sedan,30
BMW,Z3,Convertible,30
Chrysler,Pacifica,SUV,30
BMW,325Ci,Convertible,30
Volvo,V70,Wagon,29
Toyota,Prius V,Wagon,29
Volkswagen,Routan,Van,29
Kia,Cadenza,Sedan,29
INFINITI,M37,Sedan,29
BMW,335i xDrive,Sedan,29
Nissan,350Z,Coupe,29
Mercedes-Benz,C 350,Sedan,29
Mercedes-Benz,C 43 AMG,Sedan,29
MAZDA,CX-3,SUV,29
Saab,9-3,Sedan,28
BMW,128i,Coupe,28
Honda,Insight,Sedan,28
Mercedes-Benz,SLK 350,Convertible,28
Mercedes-Benz,SL 55 AMG,Convertible,28
Mercedes-Benz,GLE 63 AMG,SUV,28
Mercedes-Benz,E 450,Convertible,28
Subaru,BRZ,Coupe,28
Audi,S5,Convertible,28
BMW,M6,Coupe,28
Jaguar,E-PACE,SUV,28
Lincoln,Continental,Sedan,28
Ferrari,458 Italia,Coupe,27
Land Rover,LR3,SUV,27
FIAT,124 Spider,Convertible,27
Chrysler,Sebring,Sedan,27
Mitsubishi,Galant,Sedan,27
BMW,430i,Coupe,27
Saturn,Aura,Sedan,27
INFINITI,Q70,Sedan,27
Audi,R8,Coupe,27
Jaguar,F-TYPE,Coupe,27
Mercury,Sable,Sedan,27
Ferrari,F430,Coupe,26
Nissan,GT-R,Coupe,26
Pontiac,Solstice,Convertible,26
Audi,TT,Convertible,26
Jaguar,F-TYPE,Convertible,26
Lexus,NX 300,SUV,26
Jaguar,XK,Coupe,26
Nissan,350Z,Convertible,26
BMW,428i,Coupe,26
Pontiac,G8,Sedan,26
Audi,S3,Sedan,25
Lexus,IS 250C,Convertible,25
Pontiac,GTO,Coupe,25
BMW,340i,Sedan,25
MAZDA,Tribute,SUV,25
Chevrolet,Aveo,Sedan,25
Pontiac,Vibe,Wagon,25
INFINITI,JX35,SUV,25
Dodge,Magnum,Wagon,25
Subaru,Tribeca,SUV,25
Kia,Stinger,Sedan,25
Mercedes-Benz,C 300,Convertible,25
Mercedes-Benz,G 63 AMG,SUV,24
Buick,Envision,SUV,24
Chevrolet,Cruze,Hatchback,24
BMW,X3 M,SUV,24
GMC,Envoy XL,SUV,24
Chevrolet,Sonic,Hatchback,24
Honda,Fit,Sedan,24
Acura,RL,Sedan,24
Mercedes-Benz,E 550,Sedan,24
Mercedes-Benz,GL 350,SUV,24
BMW,M2,Coupe,24
INFINITI,G37,Convertible,24
Hyundai,Veracruz,SUV,24
Mitsubishi,Eclipse,Hatchback,23
Mercedes-Benz,C 240,Sedan,23
MINI,Cooper Countryman,Sedan,23
Rolls-Royce,Ghost,Sedan,23
BMW,M6,Convertible,23
BMW,330Ci,Convertible,23
Volkswagen,Arteon,Sedan,23
Lamborghini,Gallardo,Coupe,22
Toyota,Matrix,Wagon,22
BMW,135i,Coupe,22
Mercedes-Benz,G 500,SUV,22
GMC,Savana 3500,Van,22
Volkswagen,Passat,Wagon,22
Cadillac,Escalade EXT,SUV,22
BMW,M Roadster,Convertible,22
Chevrolet,Uplander,Van,22
Buick,Regal,Wagon,22
Dodge,Caravan,Van,22
Jaguar,XJ8,Sedan,22
MAZDA,MAZDA2,Hatchback,22
BMW,640i Gran Coupe,Sedan,22
Scion,xD,Hatchback,22
Mercedes-Benz,CLS 500,Sedan,22
Cadillac,XT4,SUV,22
Jaguar,S-TYPE,Sedan,22
Audi,S6,Sedan,22
Mercedes-Benz,CL 500,Coupe,22
Buick,Rendezvous,SUV,22
Buick,Verano,Sedan,21
Chevrolet,Captiva Sport,SUV,21
Mitsubishi,Mirage G4,Sedan,21
BMW,135i,Convertible,21
Mercedes-Benz,560 SL,Convertible,21
Honda,Crosstour,Hatchback,21
Aston Martin,V8 Vantage,Coupe,21
Mercedes-Benz,G 550,SUV,21
INFINITI,QX70,SUV,21
Mitsubishi,Endeavor,SUV,21
Nissan,300ZX,Hatchback,21
Mercedes-Benz,CLA 45 AMG,Sedan,21
Mercedes-Benz,CLK 350,Convertible,21
Hyundai,Tiburon,Coupe,21
Volvo,V60,Wagon,21
RAM,ProMaster City,Van,20
BMW,330e,Sedan,20
Mercedes-Benz,ML 320,SUV,20
Ferrari,360,Convertible,20
Mercedes-Benz,GLS 550,SUV,20
Mercedes-Benz,AMG GT,Coupe,20
Saab,9-3,Convertible,20
Lexus,RX 350L,SUV,20
Mercedes-Benz,E 350,Wagon,20
MINI,Cooper Clubman,Coupe,20
Lexus,RX 400h,SUV,20
Volkswagen,Beetle,Coupe,20
Mercedes-Benz,SLK 280,Convertible,20
BMW,645Ci,Convertible,20
Subaru,Forester,Wagon,20
Cadillac,XLR,Convertible,20
Mercedes-Benz,E 500,Sedan,20
Porsche,718 Boxster,Convertible,19
Dodge,Viper,Coupe,19
Ferrari,360,Coupe,19
Dodge,Viper,Convertible,19
BMW,325xi,Sedan,19
Chevrolet,Astro,Van,19
Audi,A3,Convertible,19
Plymouth,Prowler,Convertible,19
Honda,Clarity,Sedan,19
Mercedes-Benz,GLE 450,SUV,19
Mercedes-Benz,SLC 300,Convertible,19
Cadillac,Seville,Sedan,19
Hyundai,Azera,Sedan,19
MAZDA,MAZDASPEED3,Hatchback,19
Mercedes-Benz,C 280,Sedan,19
BMW,750Li xDrive,Sedan,19
BMW,X5 M,SUV,19
Cadillac,Eldorado,Coupe,19
Mercedes-Benz,CLK 320,Convertible,19
Jaguar,X-TYPE,Sedan,19
Mercedes-Benz,C 250,Coupe,18
Mercedes-Benz,S 600,Sedan,18
BMW,228i,Coupe,18
Mercedes-Benz,380 SL,Convertible,18
Acura,NSX,Coupe,18
Acura,RLX,Sedan,18
Mercedes-Benz,G 55 AMG,SUV,18
Jaguar,XK,Convertible,18
Cadillac,ATS,Coupe,17
Mercedes-Benz,CLS 63 AMG,Sedan,17
Kia,Soul,Wagon,17
Porsche,718 Cayman,Coupe,17
Aston Martin,DB9,Convertible,17
Honda,Insight,Hatchback,17
Nissan,370Z,Convertible,17
Mercedes-Benz,SLK 250,Convertible,17
BMW,428i Gran Coupe,Hatchback,17
Mercedes-Benz,E 53 AMG,Sedan,17
Ford,Five Hundred,Sedan,17
Ford,Focus,Coupe,17
Honda,CR-Z,Hatchback,17
Audi,S7,Hatchback,17
Nissan,Cube,Wagon,17
Mitsubishi,Mirage,Hatchback,17
FIAT,500X,SUV,17
Mercedes-Benz,CLK 350,Coupe,16
Mercedes-Benz,C 63 AMG,Coupe,16
Saturn,L-Series,Sedan,16
Audi,allroad,Wagon,16
Mercedes-Benz,AMG GT,Convertible,16
Dodge,Neon,Sedan,16
Ford,Freestar,Van,16
BMW,430i,Convertible,16
BMW,745Li,Sedan,16
Subaru,XV Crosstrek,SUV,16
RAM,4500,Truck,16
BMW,M4,Convertible,16
FIAT,500,Convertible,16
FIAT,500L,Hatchback,16
BMW,230i,Coupe,16
Pontiac,Grand Am,Sedan,16
Pontiac,Firebird,Convertible,16
MAZDA,MX-5 Miata RF,Convertible,16
BMW,650i Gran Coupe,Sedan,15
Pontiac,Vibe,Hatchback,15
Pontiac,Montana,Van,15
Mercedes-Benz,ML 550,SUV,15
MAZDA,MPV,Van,15
Mercedes-Benz,CLK 320,Coupe,15
Chrysler,PT Cruiser,Convertible,15
Acura,RSX,Coupe,15
Lexus,RX 350,Wagon,15
Bentley,Flying Spur,Sedan,15
Buick,Cascada,Convertible,15
Cadillac,CT5,Sedan,15
Pontiac,Bonneville,Sedan,15
Mercedes-Benz,CL 63 AMG,Coupe,15
Mercedes-Benz,E 400,Coupe,15
Volkswagen,Eurovan,Van,15
BMW,328i xDrive,Coupe,15
Mercedes-Benz,C 43 AMG,Coupe,15
BMW,328xi,Sedan,15
Mercedes-Benz,E 450,Sedan,15
Ford,Windstar,Van,15
HUMMER,H1,SUV,15
Audi,S5,Hatchback,15
Ford,Freestyle,SUV,14
Mercedes-Benz,R 350,Wagon,14
Land Rover,Defender,SUV,14
Mercedes-Benz,SLK 230,Convertible,14
Hyundai,Veloster,Coupe,14
Aston Martin,DB9,Coupe,14
BMW,M235i,Coupe,14
BMW,650i Gran Coupe xDrive,Sedan,14
Acura,RSX,Hatchback,14
Volvo,C30,Hatchback,14
INFINITI,I35,Sedan,14
Lincoln,MKT,SUV,14
Tesla,Model 3,Sedan,14
Saturn,Outlook,SUV,14
GMC,Sonoma,Truck,14
BMW,530i xDrive,Sedan,14
Kia,Rondo,Wagon,14
Chevrolet,Malibu,Wagon,14
BMW,328i xDrive,Wagon,14
Dodge,Sprinter,Van,14
Chevrolet,Venture,Van,13
Chrysler,Crossfire,Coupe,13
HUMMER,H1,Truck,13
Scion,tC,Hatchback,13
INFINITI,G25,Sedan,13
BMW,M240i,Coupe,13
Lincoln,Navigator L,SUV,13
Jaguar,XJS,Convertible,13
Chevrolet,Cavalier,Sedan,13
BMW,328d,Sedan,13
Toyota,Prius,Sedan,13
Lamborghini,Gallardo,Convertible,13
Jaguar,I-PACE,SUV,13
Mercedes-Benz,E 450,Wagon,13
Pontiac,G5,Coupe,13
Ferrari,F355,Convertible,13
Toyota,86,Coupe,13
BMW,550i xDrive,Sedan,13
Genesis,G70,Sedan,13
Mercedes-Benz,R 350,SUV,13
Dodge,Ram SRT-10,Truck,13
MAZDA,Protege,Sedan,13
Mitsubishi,Eclipse,Convertible,13
Hyundai,Ioniq,Hatchback,13
BMW,328i Gran Turismo xDrive,Hatchback,13
BMW,435i,Coupe,13
Mercedes-Benz,SLK 300,Convertible,13
Mercedes-Benz,AMG GT,Hatchback,13
Mercedes-Benz,C 320,Sedan,12
Mercedes-Benz,SLK 320,Convertible,12
Mercedes-Benz,C 43 AMG,Convertible,12
Mercedes-Benz,ML 63 AMG,SUV,12
Jaguar,XJ Vanden Plas,Sedan,12
Mercedes-Benz,S 560,Coupe,12
Mercedes-Benz,E 55 AMG,Sedan,12
Mercedes-Benz,GLC 63 AMG,SUV,12
Mercedes-Benz,C 63 AMG,Convertible,12
Pontiac,G6,Coupe,12
BMW,325Ci,Coupe,12
Toyota,Pickup,Truck,12
BMW,740Li,Sedan,12
Chevrolet,Cavalier,Coupe,12
Ford,GT,Coupe,12
Volkswagen,Vanagon,Van,12
Buick,Regal,Hatchback,12
Ferrari,599 GTB Fiorano,Coupe,12
Subaru,Ascent,SUV,12
Hyundai,Equus,Sedan,12
Subaru,XV Crosstrek,Wagon,12
Chevrolet,Aveo5,Hatchback,12
Pontiac,Torrent,SUV,12
BMW,M240i,Convertible,12
Audi,TTS,Coupe,12
Rolls-Royce,Phantom,Sedan,11
Chevrolet,C/K Truck,Truck,11
Audi,R8,Convertible,11
RAM,C/V,Van,11
Chevrolet,City Express,Van,11
Mercedes-Benz,SLK 55 AMG,Convertible,11
Mercedes-Benz,SL 63 AMG,Convertible,11
Chrysler,200,Convertible,11
Ferrari,F12 Berlinetta,Coupe,11
Porsche,Panamera,Wagon,11
Ford,Bronco,SUV,11
Jeep,CJ,SUV,11
BMW,540i xDrive,Sedan,11
Pontiac,G6,Convertible,11
Acura,CL,Coupe,11
Mercedes-Benz,E 320,Convertible,11
Cadillac,Fleetwood,Sedan,11
Kia,Forte Koup,Coupe,11
BMW,530e,Sedan,11
Lincoln,Nautilus,SUV,11
Mercedes-Benz,AMG GT,Sedan,11
Mercedes-Benz,E 550,Convertible,11
Volvo,C30,Coupe,11
BMW,328i,Wagon,11
Porsche,928,Coupe,11
Mercedes-Benz,S 550,Coupe,11
Lexus,LS 500,Sedan,11
Aston Martin,Vanquish,Coupe,11
Mercedes-Benz,GL 320,SUV,11
Saturn,S-Series,Sedan,11
Mercedes-Benz,E 320,Wagon,11
BMW,430i Gran Coupe xDrive,Hatchback,11
Kia,Forte,Hatchback,11
Volvo,V50,Wagon,11
Porsche,944,Coupe,10
Aston Martin,V8 Vantage,Convertible,10
BMW,530e xDrive,Sedan,10
Cadillac,Allante,Convertible,10
Toyota,Celica,Hatchback,10
Audi,RS 5,Hatchback,10
INFINITI,QX4,SUV,10
BMW,X6 M,SUV,10
Lincoln,Aviator,SUV,10
Subaru,Impreza WRX,Hatchback,10
Lexus,UX 200,SUV,10
Lotus,Elise,Convertible,10
Buick,Park Avenue,Sedan,10
Cadillac,CTS,Wagon,10
Chrysler,300M,Sedan,10
Mercedes-Benz,S 63 AMG,Coupe,10
Audi,RS 5,Coupe,10
Lexus,IS 350C,Convertible,10
Mercedes-Benz,C 230,Coupe,10
Saab,9-5,Sedan,10
MAZDA,RX-8,Coupe,10
Mercedes-Benz,SL 600,Convertible,10
Rolls-Royce,Silver Spur,Sedan,10
BMW,M550i xDrive,Sedan,10
GMC,Safari,Van,10
BMW,428i,Convertible,10
BMW,428i xDrive,Coupe,10
Pontiac,Grand Prix,Coupe,10
Maserati,Levante,SUV,10
smart,fortwo,Convertible,10
Mercedes-Benz,CLK 500,Coupe,10
BMW,440i,Coupe,10
Chrysler,Prowler,Convertible,9
Ford,Mustang,Hatchback,9
Ford,Focus,Wagon,9
BMW,335i Gran Turismo xDrive,Hatchback,9
Rolls-Royce,Phantom,Convertible,9
Mercedes-Benz,C 350,Coupe,9
Acura,TSX,Wagon,9
Mercedes-Benz,ML 500,SUV,9
Honda,Accord Crosstour,Hatchback,9
BMW,650i xDrive,Coupe,9
Rolls-Royce,Wraith,Coupe,9
Jaguar,XJS,Coupe,9
Mercedes-Benz,SL 450,Convertible,9
Audi,RS 3,Sedan,9
Volkswagen,Rabbit,Hatchback,9
Lexus,HS 250h,Sedan,9
GMC,Suburban,SUV,9
Volkswagen,Rabbit,Coupe,9
Rolls-Royce,Dawn,Convertible,9
Volvo,XC40,SUV,9
Ferrari,612 Scaglietti,Coupe,9
Hyundai,XG350,Sedan,9
MINI,Cooper Roadster,Convertible,9
Maserati,Coupe,Coupe,9
Dodge,Stratus,Sedan,9
BMW,335i xDrive,Coupe,9
INFINITI,M45,Sedan,9
Lincoln,LS,Sedan,9
INFINITI,I30,Sedan,9
Lamborghini,Aventador,Coupe,9
Mercedes-Benz,CL 600,Coupe,9
Porsche,Panamera,Sedan,9
Toyota,Prius V,Sedan,9
Mercedes-Benz,E 43 AMG,Sedan,9
Ferrari,Testarossa,Coupe,9
Bentley,Arnage,Sedan,9
BMW,230i,Convertible,9
Lexus,SC 400,Coupe,8
Acura,NSX,Convertible,8
Bentley,Bentayga,SUV,8
Lexus,LC 500,Coupe,8
McLaren,MP4-12C,Coupe,8
Honda,Prelude,Coupe,8
Audi,S8,Sedan,8
Volkswagen,GTI,Coupe,8
BMW,i8,Coupe,8
Mercedes-Benz,E 400,Wagon,8
Suzuki,Grand Vitara,SUV,8
Buick,Regal,Coupe,8
Volkswagen,GTI,Sedan,8
BMW,740i xDrive,Sedan,8
MAZDA,B-Series Pickup,Truck,8
Mitsubishi,Montero Sport,SUV,8
Mercedes-Benz,E 550,Coupe,8
Subaru,Legacy,Wagon,8
Aston Martin,Rapide,Sedan,8
GMC,Jimmy,SUV,8
BMW,335d,Sedan,8
MINI,Cooper Coupe,Coupe,8
BMW,525xi,Sedan,8
BMW,440i xDrive,Coupe,8
Kia,Borrego,SUV,8
Mercedes-Benz,SLS AMG,Coupe,8
BMW,535d,Sedan,8
Ferrari,550 Maranello,Coupe,8
BMW,M6 Gran Coupe,Sedan,8
Maybach,57,Sedan,8
Oldsmobile,Intrigue,Sedan,8
Rolls-Royce,Corniche,Convertible,8
Nissan,Murano,Wagon,8
Chrysler,Aspen,SUV,8
Oldsmobile,Alero,Sedan,8
Jaguar,XJ8 L,Sedan,8
Mercedes-Benz,420 SEL,Sedan,8
Jaguar,XJ6,Sedan,8
Audi,RS 4,Sedan,8
Mercedes-Benz,CLK 500,Convertible,8
Lexus,CT 200h,Sedan,8
MAZDA,CX-9,Wagon,7
Toyota,Echo,Sedan,7
BMW,435i Gran Coupe,Hatchback,7
Mercedes-Benz,GLA 45 AMG,SUV,7
BMW,335is,Convertible,7
MAZDA,MAZDA6,Hatchback,7
MAZDA,MAZDA5,Wagon,7
BMW,535i Gran Turismo,Hatchback,7
BMW,M235i,Convertible,7
BMW,428i Gran Coupe xDrive,Hatchback,7
Mercedes-Benz,GLK 250,SUV,7
BMW,340i xDrive,Sedan,7
Mercedes-Benz,E 63 AMG,Wagon,7
Lotus,Evora,Coupe,7
BMW,650i xDrive,Convertible,7
BMW,330xi,Sedan,7
BMW,645Ci,Coupe,7
BMW,640i,Coupe,7
Mercedes-Benz,GLS 63 AMG,SUV,7
BMW,760Li,Sedan,7
Mercedes-Benz,GLS 580,SUV,7
Mercedes-Benz,CLS 400,Sedan,7
BMW,M8,Convertible,7
Chevrolet,Kodiak C4500,Truck,7
HUMMER,H1,Wagon,7
Lexus,NX 300h,SUV,7
GMC,Savana 1500,Van,7
Ford,Thunderbird,Coupe,7
Ford,Taurus,Wagon,7
Ford,Explorer Sport Trac,SUV,7
Mercedes-Benz,SL 400,Convertible,7
Ford,E-450 and Econoline 450,Van,7
Audi,A6,Wagon,7
Audi,RS 7,Hatchback,7
Chevrolet,SS,Sedan,7
Ferrari,512TR,Coupe,7
Ferrari,488 Spider,Convertible,7
Aston Martin,DB7,Convertible,7
Ferrari,458 Italia,Convertible,7
Kia,Rio,Hatchback,7
Mercedes-Benz,SLC 43 AMG,Convertible,7
Dodge,Stealth,Hatchback,7
Lexus,RC 300,Coupe,7
Lamborghini,Huracan,Coupe,7
INFINITI,Q45,Sedan,7
Bentley,Mulsanne,Sedan,7
Subaru,Baja,Truck,7
Mercedes-Benz,CLK 63 AMG,Convertible,7
Mercedes-Benz,CLS 53 AMG,Sedan,7
Mercedes-Benz,S 55 AMG,Sedan,7
BMW,M8,Coupe,7
Mitsubishi,Montero,SUV,7
Lincoln,MKT,Sedan,7
Scion,xB,Sedan,7
Hyundai,Elantra Coupe,Coupe,7
Pontiac,Grand Am,Coupe,6
Mercedes-Benz,GLE 580,SUV,6
INFINITI,G20,Sedan,6
Volvo,S70,Sedan,6
BMW,328d xDrive,Wagon,6
BMW,335is,Coupe,6
Dodge,Caliber,Wagon,6
Alfa Romeo,Spider,Convertible,6
BMW,428i xDrive,Convertible,6
BMW,328xi,Coupe,6
Mercedes-Benz,300 SL,Convertible,6
Honda,CR-Z,Coupe,6
Mercury,Cougar,Coupe,6
Oldsmobile,Silhouette,Van,6
BMW,335xi,Sedan,6
Isuzu,Rodeo,SUV,6
Mercedes-Benz,CLK 430,Convertible,6
Hyundai,Elantra Touring,Wagon,6
Mercury,Villager,Van,6
Lamborghini,Aventador,Convertible,6
Mercedes-Benz,CLK 550,Convertible,6
Mercedes-Benz,300 CE,Coupe,6
Mercedes-Benz,CLK 55 AMG,Convertible,6
Chrysler,Pacifica,Wagon,6
Mercedes-Benz,E 53 AMG,Coupe,6
Lexus,SC 300,Coupe,6
Saturn,ION,Coupe,6
Mercedes-Benz,E 53 AMG,Convertible,6
Buick,Terraza,Van,6
Lamborghini,Murcielago,Convertible,6
Mercedes-Benz,R 500,Wagon,6
BMW,M Coupe,Coupe,6
Mercedes-Benz,S 560,Convertible,6
Suzuki,SX4,Sedan,6
Scion,xA,Hatchback,6
BMW,745e xDrive,Sedan,6
BMW,230i xDrive,Coupe,6
Lexus,RC 200t,Coupe,6
BMW,840i Gran Coupe xDrive,Sedan,6
BMW,Z8,Convertible,6
BMW,740Li xDrive,Sedan,6
BMW,Z4,Coupe,6
Lotus,Exige,Coupe,6
Chrysler,Concorde,Sedan,6
Lamborghini,Murcielago,Coupe,6
BMW,535i Gran Turismo xDrive,Hatchback,6
Lincoln,MKX,Wagon,6
Toyota,Celica,Coupe,6
Chrysler,Crossfire,Convertible,6
BMW,545i,Sedan,6
Mercedes-Benz,CL 55 AMG,Coupe,6
BMW,X4 M,SUV,6
Land Rover,Range Rover,Wagon,6
MAZDA,RX-7,Hatchback,6
Mercedes-Benz,S 400,Sedan,6
Chevrolet,Prizm,Sedan,6
Suzuki,XL7,SUV,6
Lexus,RX 400h,Wagon,6
Audi,S4,Convertible,5
BMW,325i,Convertible,5
BMW,230i xDrive,Convertible,5
Mercedes-Benz,E 400,Sedan,5
Audi,RS 6,Sedan,5
Mercedes-Benz,500 SL,Convertible,5
Mercedes-Benz,560 SEC,Coupe,5
Volvo,V90,Wagon,5
Toyota,Supra,Coupe,5
Volkswagen,Rabbit,Sedan,5
Volkswagen,Touareg,Wagon,5
Mercedes-Benz,E 500,Wagon,5
BMW,M850i xDrive,Convertible,5
McLaren,720S,Coupe,5
Jaguar,XF,Wagon,5
Jaguar,XJR,Sedan,5
BMW,M850i xDrive,Coupe,5
Nissan,Pickup,Truck,5
Scion,xA,Sedan,5
Scion,iQ,Hatchback,5
Jaguar,XK8,Coupe,5
Lexus,LS 400,Sedan,5
Cadillac,ELR,Coupe,5
McLaren,720S,Convertible,5
Chevrolet,Bolt,Hatchback,5
Ford,Freestyle,Wagon,5
Mercury,Montego,Sedan,5
Chevrolet,El Camino,Truck,5
Land Rover,Range Rover Sport,Wagon,5
Chevrolet,SSR,Convertible,5
Chevrolet,Tracker,SUV,5
Dodge,B2500,Van,5
Kia,K900,Sedan,5
Ferrari,488 GTB,Coupe,5
Dodge,Intrepid,Sedan,5
Pontiac,Sunfire,Coupe,5
Mercedes-Benz,SLR,Coupe,5
Ferrari,328,Coupe,5
BMW,M235i xDrive,Coupe,5
Lotus,Esprit,Coupe,5
McLaren,675LT,Coupe,5
BMW,435i,Convertible,5
BMW,435i xDrive,Coupe,5
BMW,440i,Convertible,5
BMW,440i Gran Coupe,Hatchback,5
BMW,440i Gran Coupe xDrive,Hatchback,5
Toyota,Mirai,Sedan,5
INFINITI,QX56,Wagon,5
Maserati,GranSport,Coupe,5
Toyota,MR2,Coupe,5
MINI,Cooper Paceman,SUV,5
BMW,530xi,Sedan,5
BMW,535xi,Sedan,5
Suzuki,SX4,Hatchback,5
Mitsubishi,i,Hatchback,5
BMW,745i,Sedan,5
Mitsubishi,3000GT,Hatchback,5
BMW,ALPINA B6 xDrive Gran Coupe,Sedan,5
Subaru,Outback,Sedan,5
Oldsmobile,Bravada,SUV,4
Mitsubishi,Raider,Truck,4
Pontiac,Fiero,Coupe,4
Mitsubishi,3000GT,Convertible,4
Saab,9-7X,SUV,4
Mercedes-Benz,SLR,Convertible,4
Volkswagen,R32,Coupe,4
Toyota,T100,Truck,4
Tesla,Roadster,Convertible,4
Mercedes-Benz,Maybach S 560,Sedan,4
Suzuki,Forenza,Sedan,4
Mercedes-Benz,S 320,Sedan,4
Mercedes-Benz,S 420,Sedan,4
Mercedes-Benz,E 400,Convertible,4
Mercedes-Benz,SLK 32 AMG,Convertible,4
Scion,iA,Sedan,4
Mercedes-Benz,S 65 AMG,Sedan,4
Mercedes-Benz,SL 320,Convertible,4
SRT,Viper,Coupe,4
Mercedes-Benz,SL 65 AMG,Convertible,4
Porsche,968,Convertible,4
Mitsubishi,Lancer,Hatchback,4
Jaguar,XKR,Convertible,4
BMW,323i,Sedan,4
Chevrolet,Aveo,Hatchback,4
BMW,430i xDrive,Coupe,4
Chevrolet,Lumina,Sedan,4
MINI,Cooper Coupe,Hatchback,4
Maserati,Spyder,Convertible,4
Genesis,G90,Sedan,4
GMC,TopKick C4500,Truck,4
Chrysler,Aspen,Wagon,4
INFINITI,FX37,SUV,4
BMW,530xi,Wagon,4
Ford,Escort,Coupe,4
BMW,535d xDrive,Sedan,4
Mercedes-Benz,190 E,Sedan,4
Ford,Contour,Sedan,4
Fisker,Karma,Sedan,4
BMW,330i xDrive,Wagon,4
INFINITI,FX45,SUV,4
BMW,ALPINA B7,Sedan,4
Lincoln,Mark LT,Truck,4
BMW,228i xDrive,Coupe,4
Lexus,LX 450,SUV,4
Land Rover,Defender,Convertible,4
Kia,Spectra5,Sedan,4
Lexus,UX 250h,SUV,4
Kia,Spectra5,Hatchback,4
Chevrolet,Caprice,Wagon,4
BMW,330Ci,Coupe,4
Audi,S4,Wagon,4
INFINITI,Q60,Convertible,4
MAZDA,MAZDA6,Wagon,4
Audi,RS 5,Convertible,4
INFINITI,M56,Sedan,4
BMW,328xi,Wagon,4
Ferrari,Portofino,Convertible,4
Lexus,GS F,Sedan,4
Ferrari,308,Coupe,4
Acura,Integra,Hatchback,4
Mercedes-Benz,C 350e,Sedan,4
Acura,Legend,Sedan,4
Ferrari,348,Convertible,4
Dodge,Stratus,Coupe,4
BMW,740e xDrive,Sedan,4
Mercedes-Benz,C 450,Sedan,4
Buick,Roadmaster,Wagon,4
BMW,740iL,Sedan,4
Mercedes-Benz,CLK 430,Coupe,4
Aston Martin,DB11,Coupe,4
Mercedes-Benz,CLK 55 AMG,Coupe,4
Mercedes-Benz,C 400,Sedan,4
Mercedes-Benz,560 SEL,Sedan,4
Aston Martin,DBS,Coupe,4
Ferrari,FF,Coupe,4
BMW,850i,Coupe,4
Chrysler,Sebring,Coupe,4
Cadillac,Brougham,Sedan,4
Mercury,Monterey,Van,3
Pontiac,Sunfire,Sedan,3
Lexus,GS 430,Sedan,3
Isuzu,Ascender,SUV,3
BMW,840i Gran Coupe,Sedan,3
Mitsubishi,Eclipse,Coupe,3
Jaguar,XKR,Coupe,3
BMW,325i,Wagon,3
Mercury,Marauder,Sedan,3
Jeep,Grand Wagoneer,SUV,3
Volkswagen,Cabrio,Convertible,3
Jeep,Scrambler,SUV,3
Suzuki,Equator,Truck,3
BMW,840Ci,Coupe,3
Land Rover,Freelander,SUV,3
BMW,323i,Convertible,3
Mercedes-Benz,SLS AMG,Convertible,3
Chevrolet,Bolt,Wagon,3
Saab,9-3,Wagon,3
Dodge,Ram 4500 Truck,Truck,3
Chrysler,LHS,Sedan,3
BMW,640i Gran Coupe xDrive,Sedan,3
Ferrari,575M Maranello,Coupe,3
BMW,535i Gran Turismo xDrive,Wagon,3
Toyota,Echo,Coupe,3
Oldsmobile,Aurora,Sedan,3
Ford,E-350 and Econoline 350,Truck,3
BMW,550i Gran Turismo,Hatchback,3
BMW,528xi,Sedan,3
BMW,550i Gran Turismo,Wagon,3
Toyota,MR2 Spyder,Convertible,3
BMW,M Coupe,Hatchback,3
Ferrari,F355,Coupe,3
Chevrolet,Malibu,Hatchback,3
Toyota,Paseo,Coupe,3
Mitsubishi,Mirage,Sedan,3
Rolls-Royce,Phantom,Coupe,3
Ferrari,575M Maranello,Convertible,3
BMW,840i xDrive,Coupe,3
Honda,Crosstour,SUV,3
BMW,435i Gran Coupe,Sedan,3
BMW,640i,Convertible,3
Hyundai,Entourage,Van,3
BMW,335xi,Coupe,3
Ferrari,348,Coupe,3
BMW,330i Gran Turismo xDrive,Hatchback,3
Ferrari,Mondial,Convertible,3
GMC,Envoy XUV,SUV,3
Buick,Rainier,SUV,3
Dodge,B1500,Van,3
Audi,TTS,Convertible,3
Mercedes-Benz,C 240,Wagon,3
Mercedes-Benz,S 350,Sedan,3
Scion,iM,Hatchback,3
Lincoln,Mark VIII,Coupe,3
Mercedes-Benz,E 430,Sedan,3
Lincoln,Zephyr,Sedan,3
Alfa Romeo,8C Competizione,Coupe,3
MAZDA,626,Sedan,3
Mercedes-Benz,R 320,SUV,3
Mercedes-Benz,300 E,Sedan,3
Mercedes-Benz,300 D,Sedan,3
Audi,RS 4,Convertible,3
Saturn,S-Series,Coupe,3
MAZDA,Protege5,Hatchback,3
McLaren,GT,Coupe,3
Saturn,L-Series,Wagon,3
MINI,Cooper,Coupe,3
Volvo,240,Sedan,3
Bentley,Azure,Convertible,3
McLaren,570S,Convertible,3
MINI,Cooper Paceman,Hatchback,3
Audi,TT RS,Coupe,3
Mercedes-Benz,GLE 400,SUV,3
Acura,ZDX,SUV,3
Lexus,LS 500h,Sedan,3
Lexus,IS F,Sedan,3
Mercedes-Benz,E 250,Sedan,3
Mercedes-Benz,S 63 AMG,Convertible,3
Buick,Riviera,Coupe,3
BMW,Z3,Coupe,3
Mercedes-Benz,CL 65 AMG,Coupe,3
Mercedes-Benz,C 55 AMG,Sedan,3
Oldsmobile,Cutlass,Sedan,2
Mercedes-Benz,240 D,Sedan,2
BMW,535i Gran Turismo,Wagon,2
Oldsmobile,88,Sedan,2
McLaren,MP4-12C,Convertible,2
Porsche,944,Convertible,2
Volvo,240,Wagon,2
McLaren,650S,Coupe,2
McLaren,650S,Convertible,2
Toyota,MR2,Convertible,2
McLaren,600LT,Coupe,2
Ford,Probe,Hatchback,2
Ford,Taurus X,Sedan,2
Dodge,D/W Truck,Truck,2
Ford,Taurus X,Wagon,2
Alfa Romeo,164,Sedan,2
Dodge,B3500,Van,2
Mercedes-Benz,GLC 350e,SUV,2
Nissan,Murano CrossCabriolet,Convertible,2
Mercedes-Benz,CLK 550,Coupe,2
Suzuki,Aerio,Sedan,2
BMW,640i xDrive,Convertible,2
McLaren,570GT,Coupe,2
Ford,C-MAX,Wagon,2
FIAT,2000 Spider,Convertible,2
Ferrari,456M GT,Coupe,2
Oldsmobile,Cutlass Supreme,Coupe,2
BMW,633CSi,Coupe,2
Datsun,280ZX,Hatchback,2
BMW,550i Gran Turismo xDrive,Wagon,2
Buick,Roadmaster,Sedan,2
Suzuki,Verona,Sedan,2
Mercedes-Benz,CLA 250,Coupe,2
Chrysler,Voyager,Van,2
Aston Martin,DB11,Convertible,2
Maybach,62,Sedan,2
BMW,540i,Wagon,2
Ferrari,FF,Wagon,2
Bugatti,Veyron,Coupe,2
Mercedes-Benz,300 SEL,Sedan,2
Mercedes-Benz,300 SE,Sedan,2
Acura,Legend,Coupe,2
Mercedes-Benz,300 SD,Sedan,2
Pontiac,Trans Sport,Van,2
BMW,535i xDrive,Wagon,2
Porsche,Panamera,Coupe,2
BMW,ALPINA B7 xDrive,Sedan,2
Mercedes-Benz,300 CE,Convertible,2
Volvo,XC70,SUV,2
Mercedes-Benz,300 CD,Coupe,2
Aston Martin,DB7,Coupe,2
Mercedes-Benz,S 65 AMG,Convertible,2
HUMMER,H1,Convertible,2
Kia,Sephia,Sedan,2
Aston Martin,Vanquish,Convertible,2
Saab,9-2X,Hatchback,2
Toyota,Venza,Wagon,2
Mercury,Sable,Wagon,2
Lotus,Elan,Convertible,2
BMW,i8,Convertible,2
Jeep,Comanche,Truck,2
Jeep,Grand Wagoneer,Wagon,2
Volkswagen,Phaeton,Sedan,2
BMW,M850i Gran Coupe xDrive,Sedan,2
BMW,325,Coupe,2
BMW,323i,Wagon,2
Lincoln,Mark VII,Coupe,2
Kia,Rio5,Hatchback,2
Audi,allroad,SUV,2
Jaguar,XF,Coupe,2
Saturn,Astra,Hatchback,2
Lexus,RC F,Coupe,2
Lamborghini,Diablo,Coupe,2
Lamborghini,Huracan,Convertible,2
Mercedes-Benz,S 550e,Sedan,2
Lexus,LS 600h,Sedan,2
Saab,9-5,Wagon,2
BMW,318i,Convertible,2
Land Rover,Range Rover Evoque,Convertible,2
Lexus,GS 200t,Sedan,2
Volkswagen,Golf,Coupe,2
BMW,228i xDrive,Convertible,2
BMW,228i,Convertible,2
Lexus,GS 450h,Sedan,2
Mitsubishi,3000GT,Coupe,2
BMW,325xi,Wagon,2
Mitsubishi,Diamante,Sedan,2
MAZDA,Millenia,Sedan,2
Lexus,HS 250h,Hatchback,2
Hyundai,Accent,Coupe,2
BMW,430i xDrive,Convertible,2
Cadillac,De Ville,Coupe,2
Nissan,300ZX,Coupe,2
Nissan,300ZX,Convertible,2
Nissan,240SX,Hatchback,2
Rolls-Royce,Silver Seraph,Sedan,2
BMW,M240i xDrive,Convertible,2
MAZDA,RX-7,Convertible,2
Mercedes-Benz,ML 250,SUV,2
Chevrolet,Express 4500,Van,2
INFINITI,EX37,SUV,2
INFINITI,FX50,SUV,2
MAZDA,MX6,Coupe,2
Toyota,Tercel,Sedan,2
BMW,328d xDrive,Sedan,2
Volkswagen,R32,Hatchback,2
Mercedes-Benz,Maybach S 550,Sedan,2
Buick,Reatta,Coupe,2
BMW,435i Gran Coupe xDrive,Hatchback,2
Cadillac,Escalade EXT,Truck,2
Mercedes-Benz,ML 400,SUV,2
BMW,X5,Hatchback,1
BMW,i8,Hatchback,1
BMW,ActiveHybrid 3,Sedan,1
Bentley,Turbo R,Sedan,1
BMW,M760i xDrive,Sedan,1
BMW,M340i xDrive,Sedan,1
Buick,Century,Wagon,1
Scion,xB,Hatchback,1
BMW,M235i xDrive,Convertible,1
Scion,xD,Sedan,1
BMW,840i,Convertible,1
BMW,X1,Hatchback,1
BMW,ActiveHybrid 5,Sedan,1
BMW,840i,Coupe,1
Mercedes-Benz,CLS 500,Coupe,1
BMW,750Li,SUV,1
Audi,A4,Coupe,1
Volkswagen,Corrado,Hatchback,1
BMW,318ti,Hatchback,1
BMW,318ti,Coupe,1
BMW,318iS,Coupe,1
Volkswagen,Golf,Sedan,1
BMW,135is,Coupe,1
BMW,1 Series M,Coupe,1
Volkswagen,Pickup,Truck,1
Audi,Q5,Hatchback,1
Audi,A8,SUV,1
Audi,A4,Hatchback,1
Aston Martin,Virage,Coupe,1
Suzuki,Reno,Hatchback,1
Aston Martin,Virage,Convertible,1
Volvo,850,Sedan,1
Aston Martin,V12 Vantage,Coupe,1
Aston Martin,V12 Vantage,Convertible,1
Aston Martin,Rapide S,Sedan,1
Volvo,C70,Coupe,1
Aston Martin,DBS,Convertible,1
Volvo,V40,Wagon,1
Alfa Romeo,4C,Coupe,1
Alfa Romeo,4C,Convertible,1
Acura,Integra,Sedan,1
BMW,323ci,Convertible,1
BMW,323is,Coupe,1
BMW,325,Sedan,1
BMW,325is,Coupe,1
BMW,735iL,Coupe,1
Suzuki,X-90,SUV,1
BMW,735i,Sedan,1
BMW,635CSi,Coupe,1
BMW,550i Gran Turismo xDrive,Hatchback,1
Toyota,Celica,Convertible,1
BMW,540i,Coupe,1
BMW,535xi,Wagon,1
Toyota,Corolla,Coupe,1
Toyota,Cressida,Sedan,1
Toyota,Land Cruiser,Wagon,1
BMW,528i,Wagon,1
BMW,528e,Sedan,1
BMW,525i,Wagon,1
BMW,440i xDrive,Convertible,1
BMW,440i Gran Coupe xDrive,Sedan,1
BMW,435i xDrive,Convertible,1
Toyota,Prius,SUV,1
BMW,428i Gran Coupe,Sedan,1
BMW,340i Gran Turismo xDrive,Hatchback,1
BMW,330i,Coupe,1
Toyota,Tacoma,SUV,1
Toyota,Tercel,Wagon,1
BMW,328iS,Coupe,1
Ferrari,488 Pista,Coupe,1
Buick,Riviera,Convertible,1
Land Rover,Range Rover,Sedan,1
Kia,Amanti,Sedan,1
Kia,Niro,Wagon,1
Kia,Stinger,Hatchback,1
Lamborghini,Diablo,Convertible,1
Land Rover,Defender,Truck,1
Land Rover,Defender,Wagon,1
Mercedes-Benz,SL 65 AMG,Coupe,1
Land Rover,Range Rover,Van,1
Buick,Skylark,Coupe,1
Mercedes-Benz,SL 500,SUV,1
Lexus,GS 400,Sedan,1
Mercedes-Benz,S 65 AMG,Coupe,1
Lexus,LC 500h,Coupe,1
Lexus,LFA,Coupe,1
Lexus,RX 450hL,SUV,1
Lincoln,Blackwood,SUV,1
Jeep,Wrangler,Wagon,1
Mercury,Capri,Convertible,1
Jeep,Wagoneer,SUV,1
Mercury,Cougar,Hatchback,1
Mitsubishi,Starion,Coupe,1
Mitsubishi,Precis,Hatchback,1
INFINITI,FX35,Wagon,1
INFINITI,M30,Convertible,1
INFINITI,M30,Coupe,1
INFINITI,Q40,Sedan,1
Isuzu,Axiom,SUV,1
Isuzu,Hombre,Truck,1
Isuzu,Trooper,SUV,1
Isuzu,i-280,Truck,1
Jaguar,XJ Sport,Sedan,1
Jaguar,XJ6,Coupe,1
Mercury,Tracer,Sedan,1
Jeep,CJ,Convertible,1
Mercury,Grand Marquis,Wagon,1
Lincoln,Blackwood,Truck,1
Lincoln,Corsair,SUV,1
Mercedes-Benz,R 63 AMG,SUV,1
Mercedes-Benz,380 SE,Sedan,1
Mercedes-Benz,400 SE,Sedan,1
Mercedes-Benz,600 SEC,Coupe,1
Mercedes-Benz,600 SEL,Sedan,1
Mercedes-Benz,600 SL,Convertible,1
Mercedes-Benz,B 250e,Hatchback,1
Mercedes-Benz,B-Class Electric Drive,Hatchback,1
Mercedes-Benz,E 430,SUV,1
Mercedes-Benz,C 220,Sedan,1
Mercedes-Benz,C 230,SUV,1
Mercedes-Benz,C 32 AMG,Sedan,1
Mercedes-Benz,C 320,Coupe,1
Mercedes-Benz,E 350,SUV,1
Mercedes-Benz,CLA 35 AMG,Sedan,1
Mercedes-Benz,CLA 45 AMG,Coupe,1
Mercedes-Benz,CLS 55 AMG,Sedan,1
Mercedes-Benz,380 SL,Coupe,1
Mercedes-Benz,300 TE,Wagon,1
Mercedes-Benz,R 500,SUV,1
Mercedes-Benz,300 TD,Sedan,1
MAZDA,MAZDA3,Wagon,1
MAZDA,MAZDA6,SUV,1
MAZDA,MAZDASPEED6,Sedan,1
Mercedes-Benz,ML 55 AMG,SUV,1
Mercedes-Benz,ML 430,SUV,1
MAZDA,RX-8,Sedan,1
MAZDA,RX-8,SUV,1
MAZDA,Tribute,Wagon,1
MINI,Cooper Clubman,Hatchback,1
MINI,Cooper Countryman,Hatchback,1
Mercedes-Benz,GLE 550e,SUV,1
McLaren,570S,Coupe,1
McLaren,675LT,Convertible,1
Mercedes-Benz,G 63 AMG,Wagon,1
Mercedes-Benz,G 550,Wagon,1
Hyundai,Palisade,SUV,1
Nissan,200SX,Hatchback,1
Nissan,240SX,Convertible,1
Chrysler,Cordoba,Coupe,1
Chrysler,LeBaron,Coupe,1
Chrysler,TC by Maserati,Convertible,1
Daewoo,Leganza,Sedan,1
Datsun,280ZX,Coupe,1
Datsun,300ZX,Coupe,1
Datsun,300ZX,SUV,1
DeLorean,DMC-12,Hatchback,1
Porsche,Carrera GT,Coupe,1
Dodge,B250,Van,1
Porsche,968,Coupe,1
Porsche,944,Hatchback,1
Porsche,918 Spyder,Convertible,1
Dodge,Ramcharger,SUV,1
Dodge,Spirit,Sedan,1
Dodge,Viper,Truck,1
Chrysler,Grand Voyager,Van,1
Chevrolet,Volt,Sedan,1
FIAT,500,Coupe,1
Chevrolet,Tracker,Convertible,1
Buick,Skylark,Sedan,1
Saturn,S-Series,Wagon,1
Saturn,Relay,Van,1
Saturn,Relay,SUV,1
Cadillac,Catera,Sedan,1
Cadillac,Escalade,Coupe,1
Cadillac,SRX,Wagon,1
Saab,900,Hatchback,1
Chevrolet,Camaro,Unavailable ,1
Saab,9-3,Hatchback,1
Saab,9-2X,Wagon,1
Chevrolet,Cavalier,Convertible,1
Chevrolet,Corvette,Hatchback,1
Rolls-Royce,Silver Spirit,Sedan,1
Rolls-Royce,Silver Dawn,Sedan,1
Eagle,Summit,Wagon,1
FIAT,500L,Wagon,1
Hyundai,Elantra Touring,Hatchback,1
Ford,Crown Victoria,Wagon,1
Ford,Expedition,Truck,1
Ford,F250,Unavailable ,1
Ford,F450,Unavailable ,1
Ford,Freestyle,Sedan,1
Ford,ZX2 Escort,Coupe,1
GMC,G2500,Van,1
GMC,Syclone,Truck,1
Geo,Prizm,Sedan,1
HUMMER,H3T,SUV,1
HUMMER,H3T,Truck,1
Honda,Accord,Hatchback,1
Honda,Accord,Wagon,1
Honda,Del Sol,Coupe,1
Honda,Insight,Coupe,1
Hyundai,Elantra,Wagon,1
Ford,Escort,Sedan,1
Oldsmobile,Alero,Coupe,1
Pontiac,Sunfire,Convertible,1
Oldsmobile,Cutlass Ciera,Sedan,1
Ferrari,360,Sedan,1
Ferrari,456 GT,Coupe,1
Mercedes-Benz,CLK 63 AMG,Coupe,1
Ferrari,550 Maranello,Convertible,1
Ferrari,812 Superfast,Coupe,1
Pontiac,G3,Hatchback,1
Pontiac,Firebird,Hatchback,1
Ferrari,FF,Hatchback,1
Ferrari,GTC4Lusso,Wagon,1
Pontiac,Aztek,SUV,1
Plymouth,Voyager,Van,1
Plymouth,Sundance,Hatchback,1
Plymouth,Grand Voyager,Van,1
Plymouth,Breeze,Sedan,1
Plymouth,Acclaim,Sedan,1
AMC,Alliance,Convertible,1
